group,member_counts,min_mean_dissimilarity,mean_mean_dissimilarity,max_mean_dissimilarity,sd_mean_dissimilarity,min_pident,mean_pident,max_pident,sd_pident,min_qcovs,mean_qcovs,max_qcovs,sd_qcovs,hierarchical_order
1.0,5,0.7125,0.7473507591442374,0.765625,0.02212400128563954,43.686,44.5402,45.165,0.5592443115490757,80.0,94.4,98.0,8.049844718999244,1
0.0,26,0.6745311355311352,0.760906551097549,0.8637559727853847,0.05225754929853415,37.467,39.64219230769231,41.04,0.8826308410306435,82.0,92.1923076923077,99.0,8.124133089846474,0
-1.0,6,0.9502012882447666,0.9728998189143118,1.0,0.023210257257480996,38.205,63.046166666666664,99.425,23.298009480783257,99.0,99.33333333333333,100.0,0.5163977794943199,-1
