gene_id_original,gene_id,ac1_gene_length,HAc_anaerobic,HAc_anoxic,HAc_aerobic,HPr_anaerobic,HPr_anoxic,HPr_aerobic,rpkm_pr_anaerobic,rpkm_pr_anoxic,rpkm_pr_aerobic,rpkm_ac_anaerobic,rpkm_ac_anoxic,rpkm_ac_aerobic
AccIC_00564,AccIC_1,2285,28.677,62.702,39.961,18.997,75.104,46.239,33.91943711,52.5043212,38.60655899,20.92606786,50.04712245,37.70212125
AccIC_01656,AccIC_2,2171,42.109,73.296,40.244,24.241,79.884,43.221,43.28268016,55.84596286,36.0867252,30.72761416,58.50298056,37.96912409
AccIA_01229,AccIA_1,2582,55.967,47.774,48.124,23.508,50.875,43.521,41.97389734,35.56611287,36.33720569,40.84001952,38.1319771,45.40369068
AccIA_01230,AccIA_2,2166,60.207,37.225,39.72,26.343,45.631,33.25,47.03583365,31.90009428,27.76158841,43.93401567,29.71203683,37.47474428
AccIB_04059,AccIB_1,2159,3.219,5.018,4.954,3.409,6.055,4.031,6.086822189,4.232979134,3.365622944,2.348956042,4.005238437,4.673964833
AccIB_04060,AccIB_2,2582,7.507,9.261,6.268,4.11,13.579,4.548,7.338468523,9.492918853,3.797284334,5.477978568,7.391891822,5.913688246
AccIF_02355,AccIF_1,2582,80.471,97.558,76.64,54.165,128.76,78.237,96.71244466,90.01459839,65.3228088,58.7209822,77.86828446,72.30776439
AccIF_02356,AccIF_2,2172,137.506,91.349,78.013,71.496,123.992,74.839,127.657213,86.68134579,62.4856997,100.3403385,72.91242048,73.60315271
