group,member_counts,min_mean_dissimilarity,mean_mean_dissimilarity,max_mean_dissimilarity,sd_mean_dissimilarity,min_pident,mean_pident,max_pident,sd_pident,min_qcovs,mean_qcovs,max_qcovs,sd_qcovs,hierarchical_order
0.0,5,0.525,0.5926883573942398,0.6349206349206349,0.04599853859438312,34.783,35.7832,36.759,0.8525158063050754,93.0,94.6,100.0,3.04959013639538,1
-1.0,7,0.9551656920077972,0.9824282929546088,1.0,0.02211428552651461,27.734,54.62542857142857,99.265,25.538731382334706,83.0,92.85714285714286,100.0,6.067085281214021,-1
